"location","lon","lat","date","region","travel","roles"
"Bath, UK",-2.3599039,51.375801,"06/01/2016 10:27:00","EMEA (EU, Middle East & Africa)","To my nearest city","Attending a satRday, Helping out a satRday, Helping publicise the events, Organising a satRday"
"Chippenham, UK",-2.1195157,51.461514,"06/01/2016 10:28:00","EMEA (EU, Middle East & Africa)","To my nearest city","Attending a satRday, Helping out a satRday, Helping publicise the events, Presenting at a satRday, Helping improve the website"
"Southampton, UK",-1.4043509,50.9097004,"06/01/2016 10:40:00","EMEA (EU, Middle East & Africa)","To anywhere in my country","Attending a satRday, Helping out a satRday, Helping publicise the events"
"Cardiff, UK",-3.17909,51.481581,"06/01/2016 10:42:00","EMEA (EU, Middle East & Africa)","To anywhere in the the world","Attending a satRday, Helping out a satRday, Helping publicise the events, Presenting at a satRday, Organising a satRday, Helping improve the website, Helping with central organisation"
"Cardiff, Wales",-3.17909,51.481581,"06/01/2016 10:42:00","EMEA (EU, Middle East & Africa)","To anywhere in the the world","Attending a satRday, Helping out a satRday, Helping publicise the events, Organising a satRday, Helping improve the website, Helping with central organisation"
"Ljubljana, Slovenia",14.5057515,46.0569465,"06/01/2016 10:43:00","EMEA (EU, Middle East & Africa)","To anywhere in my continent","Attending a satRday, Helping out a satRday, Helping publicise the events, Presenting at a satRday, Organising a satRday"
"Santiago, Chile",-70.6298313,-33.4727879,"06/01/2016 10:46:00","LATAM (Latin America)","To anywhere in the the world","Attending a satRday, Helping out a satRday, Helping improve the website"
"Cwmbran, UK",-3.0317889,51.6496546,"06/01/2016 11:00:00","EMEA (EU, Middle East & Africa)","To anywhere in my country","Attending a satRday, Helping out a satRday, Helping publicise the events"
"norwich, uk",1.297355,52.6308859,"06/01/2016 11:28:00","EMEA (EU, Middle East & Africa)","To anywhere in the the world","Helping out a satRday, Presenting at a satRday"
"London, UK",-0.1277583,51.5073509,"06/01/2016 11:55:00","EMEA (EU, Middle East & Africa)","To my nearest city","Attending a satRday, Helping out a satRday"
"Miami, USA",-80.1917902,25.7616798,"06/01/2016 11:58:00","NA (North America)","To my nearest city","Attending a satRday, Helping out a satRday, Presenting at a satRday, Helping improve the website"
"Glasgow, UK (Scotland)",-4.251806,55.864237,"06/01/2016 12:09:00","EMEA (EU, Middle East & Africa)","To anywhere in my country","Attending a satRday, Helping out a satRday, Helping publicise the events, Organising a satRday"
"Harrisonburg, Virginia",-78.8689155,38.4495688,"06/01/2016 12:22:00","NA (North America)","To anywhere in the the world","Attending a satRday, Helping out a satRday, Helping publicise the events, Presenting at a satRday, Organising a satRday"
"Cardiff, Wales, UK",-3.17909,51.481581,"06/01/2016 12:29:00","EMEA (EU, Middle East & Africa)","To anywhere in my country","Attending a satRday, Helping out a satRday, Presenting at a satRday"
"London, United Kingdom",-0.1277583,51.5073509,"06/01/2016 12:29:00","EMEA (EU, Middle East & Africa)","To anywhere in the the world","Helping publicise the events, Presenting at a satRday, Organising a satRday, more strategic discussions, directions etc."
"Houston, TX, USA",-95.3698028,29.7604267,"06/01/2016 12:33:00","NA (North America)","To anywhere in my country","Attending a satRday, Helping out a satRday, Helping publicise the events, Presenting at a satRday"
"London, UK",-0.1277583,51.5073509,"06/01/2016 12:34:00","EMEA (EU, Middle East & Africa)","To my nearest city","Attending a satRday, Helping out a satRday, Helping publicise the events, Presenting at a satRday"
"Cardiff, United Kingdom",-3.17909,51.481581,"06/01/2016 12:34:00","EMEA (EU, Middle East & Africa)","To my nearest city","Attending a satRday, Helping out a satRday, Helping publicise the events, Presenting at a satRday, Helping with central organisation"
"Cardiff, UK",-3.17909,51.481581,"06/01/2016 12:58:00","EMEA (EU, Middle East & Africa)","To my nearest city","Attending a satRday"
"Cardiff, UK",-3.17909,51.481581,"06/01/2016 13:07:00","EMEA (EU, Middle East & Africa)","To my nearest city","Attending a satRday, Helping publicise the events"
"London, UK",-0.1277583,51.5073509,"06/01/2016 13:08:00","EMEA (EU, Middle East & Africa)","To my nearest city","Attending a satRday"
"Ghent, Belgium",3.7174243,51.0543422,"06/01/2016 13:16:00","EMEA (EU, Middle East & Africa)","To anywhere in my country","Attending a satRday"
"Lexington, KY, USA",-84.5037164,38.0405837,"06/01/2016 13:33:00","NA (North America)","To my nearest city","Attending a satRday, Helping out a satRday, Helping publicise the events, Presenting at a satRday, Organising a satRday"
"Lexington, KY",-84.5037164,38.0405837,"06/01/2016 13:44:00","NA (North America)","To my nearest city","Attending a satRday"
"Lexington, USA",-84.5037164,38.0405837,"06/01/2016 13:52:00","NA (North America)","To my nearest city","Attending a satRday"
"Orlando, FL, USA",-81.3792365,28.5383355,"06/01/2016 14:18:00","NA (North America)","To my nearest city","Attending a satRday"
"Nottingham, UK",-1.1581086,52.9547832,"06/01/2016 14:42:00","EMEA (EU, Middle East & Africa)","To anywhere in my continent","Attending a satRday"
"New York, New York, USA",-74.0059413,40.7127837,"06/01/2016 15:16:00","NA (North America)","To my nearest city","Attending a satRday, Helping out a satRday, Helping publicise the events, Presenting at a satRday, Organising a satRday, Helping improve the website, Helping with central organisation"
"Cardiff",-3.17909,51.481581,"06/01/2016 15:32:00","EMEA (EU, Middle East & Africa)","To anywhere in my country","Attending a satRday, Helping out a satRday, Helping publicise the events, Presenting at a satRday, Organising a satRday, Helping improve the website"
"Lexington, KY, USA",-84.5037164,38.0405837,"06/01/2016 15:51:00","NA (North America)","To my nearest city","Attending a satRday, Helping out a satRday, Organising a satRday"
"Dallas, USA",-96.7969879,32.7766642,"06/01/2016 15:54:00","NA (North America)","To anywhere in my country","Attending a satRday, Helping out a satRday, Helping publicise the events"
"Nottingham, UK",-1.1581086,52.9547832,"06/01/2016 16:00:00","EMEA (EU, Middle East & Africa)","To my nearest city","Attending a satRday, Helping out a satRday, Presenting at a satRday"
"Belfast, Northern Ireland",-5.93012,54.597285,"06/01/2016 16:07:00","Other","To anywhere in my country","Attending a satRday"
"Mountain View",-122.0838511,37.3860517,"06/01/2016 16:15:00","NA (North America)","To my nearest city","Attending a satRday, Helping out a satRday"
"York, United Kingdom",-1.0872979,53.9599651,"06/01/2016 16:38:00","EMEA (EU, Middle East & Africa)","To anywhere in my country","Attending a satRday"
"London, UK",-0.1277583,51.5073509,"06/01/2016 16:38:00","EMEA (EU, Middle East & Africa)","To anywhere in my continent","Attending a satRday, Helping out a satRday, Helping publicise the events, Presenting at a satRday, Organising a satRday, Helping improve the website, Helping with central organisation, Sponsoring an event"
"Los Angeles, USA + Budapest, Hungary",-118.2436849,34.0522342,"06/01/2016 16:50:00","NA (North America)","To anywhere in the the world","Attending a satRday, Helping out a satRday, Helping publicise the events, Presenting at a satRday, Organising a satRday, Helping with central organisation"
"Seattle, USA",-122.3320708,47.6062095,"06/01/2016 16:54:00","NA (North America)","To my nearest city","Attending a satRday, Helping out a satRday, Presenting at a satRday"
"41379 Brueggen, Germany",6.1818561,51.2442461,"06/01/2016 16:57:00","EMEA (EU, Middle East & Africa)","To anywhere in my country","Attending a satRday, Helping out a satRday, Helping publicise the events"
"Baltimore, USA",-76.6121893,39.2903848,"06/01/2016 17:08:00","NA (North America)","To my nearest city","Attending a satRday, Helping out a satRday, Helping publicise the events, Presenting at a satRday, Organising a satRday, Helping improve the website, Helping with central organisation"
"London, England",-0.1277583,51.5073509,"06/01/2016 17:10:00","EMEA (EU, Middle East & Africa)","To anywhere in my country","Attending a satRday, Helping out a satRday, Helping publicise the events, Presenting at a satRday, Organising a satRday, Helping with central organisation"
"Neuchatel, Switzerland",6.9292732,46.9899874,"06/01/2016 17:19:00","EMEA (EU, Middle East & Africa)","To anywhere in my continent","Attending a satRday, Helping out a satRday, Presenting at a satRday"
"Vancouver, Canada",-123.1207375,49.2827291,"06/01/2016 17:20:00","NA (North America)","To my nearest city","Attending a satRday, Helping out a satRday, Presenting at a satRday, Have given two responses as I will be moving in May 2016 and I'm not sure of the timeline for these satRdays."
"Cardiff, Wales",-3.17909,51.481581,"06/01/2016 17:36:00","EMEA (EU, Middle East & Africa)","To anywhere in my country","Attending a satRday, Helping out a satRday, Helping publicise the events, Helping with central organisation"
"Dublin, Ireland",-6.2603097,53.3498053,"06/01/2016 18:15:00","EMEA (EU, Middle East & Africa)","To anywhere in my country","Attending a satRday, Helping out a satRday, Presenting at a satRday, Organising a satRday, Helping with central organisation"
"New Haven, Conn. USA",-72.9278835,41.308274,"06/01/2016 18:55:00","NA (North America)","To my nearest city","Attending a satRday, Helping with central organisation"
"Aarhus, Denmark",10.203921,56.162939,"06/01/2016 19:52:00","EMEA (EU, Middle East & Africa)","To anywhere in the the world","Attending a satRday, Helping out a satRday, Helping publicise the events, Presenting at a satRday, Organising a satRday"
"Inverness, Scotland",-4.224721,57.477773,"06/01/2016 19:54:00","EMEA (EU, Middle East & Africa)","To anywhere in my continent","Attending a satRday, Helping out a satRday, Helping publicise the events, Presenting at a satRday, Organising a satRday, Helping with central organisation"
"Cardiff, uk",-3.17909,51.481581,"06/01/2016 22:14:00","EMEA (EU, Middle East & Africa)","To my nearest city","Attending a satRday, Helping out a satRday, Helping publicise the events"
"Newport, Wales",-2.997664,51.584151,"06/01/2016 22:30:00","EMEA (EU, Middle East & Africa)","To anywhere in my country","Attending a satRday, Helping out a satRday"
"London, England",-0.1277583,51.5073509,"06/01/2016 22:34:00","EMEA (EU, Middle East & Africa)","To anywhere in my continent","Attending a satRday, Helping out a satRday, Helping publicise the events, Presenting at a satRday"
"Berlin, Germany",13.404954,52.5200066,"06/01/2016 22:56:00","EMEA (EU, Middle East & Africa)","To my nearest city","Attending a satRday"
"Hasselt, Belgium",5.33248,50.93069,"06/01/2016 23:02:00","EMEA (EU, Middle East & Africa)","To anywhere in my country","Attending a satRday, Helping out a satRday, Helping publicise the events, Presenting at a satRday, Organising a satRday, Helping improve the website, Helping with central organisation"
"Wales",-3.7837117,52.1306607,"06/01/2016 23:04:00","EMEA (EU, Middle East & Africa)","To anywhere in the the world","Attending a satRday, Helping out a satRday, Helping publicise the events, Presenting at a satRday"
"Sydney, Australia",151.2069902,-33.8674869,"07/01/2016 01:58:00","APAC (Asia - Pacific)","To my nearest city","Attending a satRday, Helping out a satRday, Presenting at a satRday, Helping improve the website, Helping with central organisation"
"Auckland, New Zealand",174.7633315,-36.8484597,"07/01/2016 05:47:00","APAC (Asia - Pacific)","To anywhere in my country","Attending a satRday, Presenting at a satRday"
"Ljubljana, Slovenia",14.5057515,46.0569465,"07/01/2016 07:37:00","EMEA (EU, Middle East & Africa)","To anywhere in my continent","Helping out a satRday, Helping publicise the events, Presenting at a satRday"
"Portsmouth, United Kingdom",-1.0879769,50.8197675,"07/01/2016 08:34:00","EMEA (EU, Middle East & Africa)","To anywhere in my country","Attending a satRday, Helping out a satRday"
"Amsterdam, The Netherlands",4.8951679,52.3702157,"07/01/2016 08:46:00","EMEA (EU, Middle East & Africa)","To anywhere in my country","Attending a satRday"
"Islamabad, Pakistan",73.0931461,33.7293882,"07/01/2016 09:07:00","APAC (Asia - Pacific)","To anywhere in my country","Attending a satRday, Helping out a satRday, Helping publicise the events, Presenting at a satRday, Organising a satRday"
"London, UK",-0.1277583,51.5073509,"07/01/2016 09:23:00","EMEA (EU, Middle East & Africa)","To anywhere in the the world","Attending a satRday, Helping out a satRday, Helping publicise the events, Presenting at a satRday"
"Pheonix, USA",-112.0740373,33.4483771,"07/01/2016 09:56:00","NA (North America)","To anywhere in my country","Attending a satRday, Helping out a satRday, Helping publicise the events, Presenting at a satRday, Organising a satRday"
"Dublin, Ireland",-6.2603097,53.3498053,"07/01/2016 10:21:00","EMEA (EU, Middle East & Africa)","To anywhere in my continent","Attending a satRday, Helping out a satRday, Helping publicise the events, Presenting at a satRday, Organising a satRday, Helping with central organisation"
"Edinburgh, UK",-3.188267,55.953252,"07/01/2016 10:29:00","EMEA (EU, Middle East & Africa)","To my nearest city","Attending a satRday, Helping publicise the events"
"Exeter, UK",-3.533899,50.718412,"07/01/2016 10:43:00","EMEA (EU, Middle East & Africa)","To anywhere in my country","Attending a satRday, Helping out a satRday, Helping publicise the events, Presenting at a satRday, Organising a satRday, Helping with central organisation"
"Windsor, UK",-0.613576,51.4817279,"07/01/2016 11:03:00","EMEA (EU, Middle East & Africa)","To my nearest city","Attending a satRday, Helping out a satRday, Helping publicise the events"
"Thatcham, West Berkshire",-1.266468,51.405805,"07/01/2016 11:25:00","EMEA (EU, Middle East & Africa)","To anywhere in my country","Attending a satRday, Helping out a satRday, Helping publicise the events, Presenting at a satRday"
"Cardiff, Unitedf Kingdom",-3.17909,51.481581,"07/01/2016 11:49:00","EMEA (EU, Middle East & Africa)","To my nearest city","Attending a satRday"
"Columbus, OH USA",-82.9987942,39.9611755,"07/01/2016 12:49:00","NA (North America)","To my nearest city","Attending a satRday"
"Allentown, PA, USA",-75.4901833,40.6084305,"07/01/2016 12:52:00","NA (North America)","To my nearest city","Attending a satRday, Helping out a satRday, Helping publicise the events"
"Aarhus, Denmark",10.203921,56.162939,"07/01/2016 12:56:00","EMEA (EU, Middle East & Africa)","To anywhere in my country","Attending a satRday, Helping out a satRday"
"London, UK",-0.1277583,51.5073509,"07/01/2016 13:01:00","EMEA (EU, Middle East & Africa)","To anywhere in my country","Attending a satRday, Helping out a satRday, Presenting at a satRday"
"Oslo, Norway",10.7522454,59.9138688,"07/01/2016 13:02:00","EMEA (EU, Middle East & Africa)","To my nearest city","Attending a satRday, Helping out a satRday, Helping publicise the events, Organising a satRday"
"Cambridge, England",0.121817,52.205337,"07/01/2016 13:54:00","EMEA (EU, Middle East & Africa)","To my nearest city","Attending a satRday, Helping out a satRday, Helping publicise the events, Presenting at a satRday, Organising a satRday, Helping with central organisation"
"London",-0.1277583,51.5073509,"07/01/2016 16:01:00","EMEA (EU, Middle East & Africa)","To anywhere in my country","Attending a satRday, Helping out a satRday, Helping publicise the events, Presenting at a satRday, Organising a satRday, Helping with central organisation"
"London, uk",-0.1277583,51.5073509,"07/01/2016 17:02:00","NA (North America)","To my nearest city","Attending a satRday"
"Dallas TX",-96.7969879,32.7766642,"07/01/2016 17:09:00","NA (North America)","To my nearest city","Attending a satRday"
"High Point, NC",-80.0053176,35.9556923,"07/01/2016 17:10:00","NA (North America)","To my nearest city","Attending a satRday, Helping out a satRday, Helping publicise the events, Presenting at a satRday"
"Regina, Saskatchewan",-104.6188944,50.4452112,"07/01/2016 17:17:00","NA (North America)","To my nearest city","Helping out a satRday, Presenting at a satRday, Organising a satRday"
"Munich, Germany",11.5819806,48.1351253,"07/01/2016 17:17:00","EMEA (EU, Middle East & Africa)","To anywhere in my country","Attending a satRday, Presenting at a satRday"
"Burlington, VT. USA",-73.212072,44.4758825,"07/01/2016 17:18:00","NA (North America)","To my nearest city","Attending a satRday"
"Lancaster, UK",-2.8007399,54.046575,"07/01/2016 17:20:00","EMEA (EU, Middle East & Africa)","To anywhere in my country","Attending a satRday, Helping out a satRday, Helping publicise the events"
"Vancouver, Canada",-123.1207375,49.2827291,"07/01/2016 17:22:00","NA (North America)","To my nearest city","Attending a satRday, Helping out a satRday, Helping publicise the events, Helping improve the website, Helping with central organisation"
"Minneapolis, MN, USA",-93.2650108,44.977753,"07/01/2016 17:31:00","NA (North America)","To my nearest city","Attending a satRday"
"Tampa, USA",-82.4571776,27.950575,"07/01/2016 17:34:00","NA (North America)","To anywhere in my country","Attending a satRday, Helping publicise the events, Presenting at a satRday"
"Chandler, USA",-111.8412502,33.3061605,"07/01/2016 17:35:00","NA (North America)","To my nearest city","Attending a satRday, Helping out a satRday, Helping improve the website, Helping with central organisation"
"Portland,",-122.6764816,45.5230622,"07/01/2016 17:35:00","NA (North America)","To my nearest city","Attending a satRday, Helping out a satRday, Helping publicise the events"
"Minneapolis, US",-93.2650108,44.977753,"07/01/2016 17:37:00","NA (North America)","To anywhere in the the world","Attending a satRday, Helping out a satRday, Presenting at a satRday, Organising a satRday"
"Glastonbury, CT, USA",-72.5450779,41.6861794,"07/01/2016 17:38:00","NA (North America)","To my nearest city","Attending a satRday, Helping out a satRday, Helping publicise the events, Presenting at a satRday, Organising a satRday, Helping improve the website, Helping with central organisation, Sponsoring an event"
"Cambridge",-71.1097335,42.3736158,"07/01/2016 17:48:00","EMEA (EU, Middle East & Africa)","To my nearest city","Attending a satRday"
"Chicago, USA",-87.6297982,41.8781136,"07/01/2016 17:55:00","NA (North America)","To my nearest city","Attending a satRday, Helping out a satRday, Presenting at a satRday"
"Sugar Land, Texas, USA",-95.6349463,29.6196787,"07/01/2016 18:03:00","NA (North America)","To my nearest city","Attending a satRday"
"Phoenix, az",-112.0740373,33.4483771,"07/01/2016 18:37:00","NA (North America)","To my nearest city","Attending a satRday, Helping out a satRday"
"Chicago, Il",-87.6297982,41.8781136,"07/01/2016 18:37:00","NA (North America)","To my nearest city","Attending a satRday, Presenting at a satRday, Organising a satRday, Helping with central organisation"
"Bentonville, Arkansas, United States",-94.2088172,36.3728538,"07/01/2016 19:38:00","NA (North America)","To my nearest city","Attending a satRday, Helping out a satRday"
"Genoa City Wisconsin",-88.3281487,42.4983517,"07/01/2016 20:08:00","NA (North America)","To my nearest city","Attending a satRday"
"New York,USA",-74.0059413,40.7127837,"07/01/2016 20:15:00","NA (North America)","To my nearest city","Attending a satRday, Helping out a satRday"
"Miami, FL",-80.1917902,25.7616798,"07/01/2016 20:16:00","NA (North America)","To my nearest city","Attending a satRday, Helping out a satRday, Helping publicise the events, Maybe presenting...maybe."
"Atlanta, GA, USA",-84.3879824,33.7489954,"07/01/2016 20:20:00","NA (North America)","To my nearest city","Attending a satRday"
"Pristina, Kosovo",21.1655028,42.6629138,"07/01/2016 20:41:00","EMEA (EU, Middle East & Africa)","To anywhere in my continent","Attending a satRday, Helping out a satRday, Helping publicise the events, Organising a satRday, Helping with central organisation"
"Durham, North Carolina, United States",-78.898619,35.9940329,"07/01/2016 20:41:00","NA (North America)","To anywhere in my country","Attending a satRday, Helping out a satRday, Presenting at a satRday, Organising a satRday, Helping with central organisation"
"Seattle, WA, USA",-122.3320708,47.6062095,"07/01/2016 20:41:00","NA (North America)","To my nearest city","Presenting at a satRday"
"Tampa",-82.4571776,27.950575,"07/01/2016 20:43:00","NA (North America)","To my nearest city","Attending a satRday"
"Chicago, IL",-87.6297982,41.8781136,"07/01/2016 20:46:00","NA (North America)","To my nearest city","Attending a satRday"
"Cardiff, Wales",-3.17909,51.481581,"07/01/2016 20:52:00","EMEA (EU, Middle East & Africa)","To anywhere in my country","Attending a satRday, Helping publicise the events"
"London",-0.1277583,51.5073509,"07/01/2016 20:53:00","EMEA (EU, Middle East & Africa)","To my nearest city","Attending a satRday"
"london, uk",-0.1277583,51.5073509,"07/01/2016 20:55:00","EMEA (EU, Middle East & Africa)","To my nearest city","Attending a satRday, Helping out a satRday, Helping publicise the events"
"Jackson, MS, USA",-90.1848103,32.2987573,"07/01/2016 20:59:00","NA (North America)","To my nearest city","Attending a satRday, Helping out a satRday, Helping with central organisation"
"Louisville, USA",-85.7584557,38.2526647,"07/01/2016 21:06:00","NA (North America)","To my nearest city","Attending a satRday, Presenting at a satRday, Organising a satRday"
"Winchester",NA,NA,"07/01/2016 21:16:00","EMEA (EU, Middle East & Africa)","To anywhere in my country","Attending a satRday, Helping out a satRday, Helping publicise the events"
"London",-0.1277583,51.5073509,"07/01/2016 21:33:00","EMEA (EU, Middle East & Africa)","To my nearest city","Attending a satRday"
"London , uk",NA,NA,"07/01/2016 21:37:00","EMEA (EU, Middle East & Africa)","To my nearest city","Attending a satRday"
"India",78.96288,20.593684,"07/01/2016 22:09:00","Other","To my nearest city","Attending a satRday, Helping out a satRday, Helping publicise the events"
"London",-0.1277583,51.5073509,"07/01/2016 23:16:00","EMEA (EU, Middle East & Africa)","To anywhere in my country","Attending a satRday, Helping out a satRday, Helping publicise the events, Presenting at a satRday, Helping improve the website, Helping with central organisation"
"London",-0.1277583,51.5073509,"07/01/2016 23:22:00","EMEA (EU, Middle East & Africa)","To anywhere in my country","Attending a satRday"
"Burnley, U.K.",-2.2405035,53.7892877,"07/01/2016 23:26:00","EMEA (EU, Middle East & Africa)","To my nearest city","Attending a satRday"
"London, England",-0.1277583,51.5073509,"07/01/2016 23:28:00","EMEA (EU, Middle East & Africa)","To my nearest city","Attending a satRday, Helping out a satRday, Helping publicise the events, Helping with central organisation"
"London",-0.1277583,51.5073509,"07/01/2016 23:28:00","EMEA (EU, Middle East & Africa)","To my nearest city","Attending a satRday"
"Poole, UK",-1.987248,50.71505,"07/01/2016 23:31:00","EMEA (EU, Middle East & Africa)","To anywhere in my country","Attending a satRday, Helping out a satRday, Helping publicise the events, Helping with central organisation"
"London, UK",-0.1277583,51.5073509,"07/01/2016 23:40:00","EMEA (EU, Middle East & Africa)","To my nearest city","Attending a satRday"
"London",-0.1277583,51.5073509,"07/01/2016 23:44:00","EMEA (EU, Middle East & Africa)","To my nearest city","Attending a satRday"
"Pittsburgh, USA",-79.9958864,40.4406248,"07/01/2016 23:50:00","NA (North America)","To my nearest city","Attending a satRday"
"Henley-on-Thames, Oxfordhire",NA,NA,"08/01/2016 00:14:00","EMEA (EU, Middle East & Africa)","To my nearest city","Attending a satRday, Helping publicise the events, Presenting at a satRday, Introduce new tools for R - OLAP on Hadoop from AtScale"
"Buckner, IL",NA,NA,"08/01/2016 00:48:00","NA (North America)","To my nearest city","Attending a satRday, Helping out a satRday, Helping with central organisation"
"Trinity,FL USA",NA,NA,"08/01/2016 00:50:00","NA (North America)","To my nearest city","Attending a satRday, Helping publicise the events"
"United Kingdom",-3.435973,55.378051,"08/01/2016 01:40:00","EMEA (EU, Middle East & Africa)","To my nearest city","Attending a satRday, Helping out a satRday, Presenting at a satRday"
"somerset, nj",NA,NA,"08/01/2016 02:23:00","NA (North America)","To my nearest city","Attending a satRday, Helping out a satRday, Helping improve the website"
"Bangalore, India",NA,NA,"08/01/2016 02:32:00","APAC (Asia - Pacific)","To anywhere in the the world","Attending a satRday, Helping out a satRday, Helping improve the website"
"Fayetteville, AR",NA,NA,"08/01/2016 03:06:00","NA (North America)","To my nearest city","Attending a satRday, Helping out a satRday"
"Sydney, Australia",151.2069902,-33.8674869,"08/01/2016 04:18:00","APAC (Asia - Pacific)","To my nearest city","Attending a satRday, Helping out a satRday, Helping publicise the events"
"Bangalore, India",NA,NA,"08/01/2016 04:46:00","APAC (Asia - Pacific)","To anywhere in my country","Attending a satRday, Helping out a satRday, Organising a satRday"
"Tampa, United States",NA,NA,"08/01/2016 04:59:00","NA (North America)","To my nearest city","Attending a satRday, Helping out a satRday, Helping publicise the events"
"Delhi, India",NA,NA,"08/01/2016 05:29:00","APAC (Asia - Pacific)","To my nearest city","Attending a satRday"
"San Diego",-117.1610838,32.715738,"08/01/2016 05:46:00","NA (North America)","To my nearest city","Attending a satRday"
"London, UK",-0.1277583,51.5073509,"08/01/2016 05:54:00","EMEA (EU, Middle East & Africa)","To my nearest city","Attending a satRday"
"Singapore, Singapore",NA,NA,"08/01/2016 07:00:00","APAC (Asia - Pacific)","To my nearest city","Attending a satRday, Helping out a satRday, Presenting at a satRday, Organising a satRday"
"Aurora, Colorado",NA,NA,"08/01/2016 07:02:00","NA (North America)","To anywhere in my country","Presenting at a satRday, Helping improve the website"
"Uk London",-0.1277583,51.5073509,"08/01/2016 07:09:00","EMEA (EU, Middle East & Africa)","To my nearest city","Attending a satRday"
"Hamburg, Hamburg, Germany",9.9936818,53.5510846,"08/01/2016 07:26:00","EMEA (EU, Middle East & Africa)","To anywhere in my country","Attending a satRday, Helping out a satRday, Helping publicise the events, Organising a satRday, Helping improve the website, Helping with central organisation, Actually I'm a complete novice on R but wanna learn it Step by Step..."
"London, United Kingdom",-0.1277583,51.5073509,"08/01/2016 07:30:00","EMEA (EU, Middle East & Africa)","To my nearest city","Attending a satRday, Helping out a satRday, Helping publicise the events, Helping with central organisation"
"London",-0.1277583,51.5073509,"08/01/2016 07:52:00","EMEA (EU, Middle East & Africa)","To my nearest city","Attending a satRday"
"LONDON, UK",-0.1277583,51.5073509,"08/01/2016 08:15:00","EMEA (EU, Middle East & Africa)","To my nearest city","Attending a satRday"
"London, England",-0.1277583,51.5073509,"08/01/2016 08:15:00","EMEA (EU, Middle East & Africa)","To my nearest city","Attending a satRday"
"London, United Kingdom",-0.1277583,51.5073509,"08/01/2016 08:50:00","EMEA (EU, Middle East & Africa)","To anywhere in my continent","Attending a satRday, Helping out a satRday, Helping publicise the events, Presenting at a satRday, Organising a satRday, Helping improve the website, Helping with central organisation"
"Northampton",NA,NA,"08/01/2016 08:56:00","EMEA (EU, Middle East & Africa)","To my nearest city","Attending a satRday"
"London, England",-0.1277583,51.5073509,"08/01/2016 08:57:00","EMEA (EU, Middle East & Africa)","To anywhere in my country","Attending a satRday"
"London, UK",-0.1277583,51.5073509,"08/01/2016 09:17:00","EMEA (EU, Middle East & Africa)","To my nearest city","Attending a satRday, Helping out a satRday"
"London",-0.1277583,51.5073509,"08/01/2016 10:23:00","EMEA (EU, Middle East & Africa)","To my nearest city","Helping out a satRday, Helping improve the website, Helping with central organisation"
"Singapore",NA,NA,"08/01/2016 10:23:00","APAC (Asia - Pacific)","To my nearest city","Attending a satRday, Helping out a satRday, Presenting at a satRday, Organising a satRday"
"London, UK",-0.1277583,51.5073509,"08/01/2016 10:54:00","EMEA (EU, Middle East & Africa)","To my nearest city","Attending a satRday"
"Henley on THames, UK",NA,NA,"08/01/2016 10:55:00","EMEA (EU, Middle East & Africa)","To anywhere in my country","Attending a satRday"
"London, UK",-0.1277583,51.5073509,"08/01/2016 10:56:00","EMEA (EU, Middle East & Africa)","To my nearest city","Attending a satRday, Helping out a satRday, Helping improve the website"
"London",-0.1277583,51.5073509,"08/01/2016 11:14:00","EMEA (EU, Middle East & Africa)","To my nearest city","Attending a satRday"
"Cardiff",-3.17909,51.481581,"08/01/2016 11:17:00","EMEA (EU, Middle East & Africa)","To my nearest city","Attending a satRday"
"Glasgow, Scotland",NA,NA,"08/01/2016 11:37:00","EMEA (EU, Middle East & Africa)","To my nearest city","Attending a satRday"
"London, UK",-0.1277583,51.5073509,"08/01/2016 11:44:00","EMEA (EU, Middle East & Africa)","To my nearest city","Attending a satRday, Helping out a satRday, Presenting at a satRday"
"New York, USA",NA,NA,"08/01/2016 11:54:00","NA (North America)","To my nearest city","Attending a satRday"
"London, UK",-0.1277583,51.5073509,"08/01/2016 11:55:00","EMEA (EU, Middle East & Africa)","To anywhere in my country","Attending a satRday, Helping out a satRday, Presenting at a satRday, Helping with central organisation"
"Erie, PA USA",-80.085059,42.1292241,"08/01/2016 12:06:00","NA (North America)","To my nearest city","Attending a satRday, Helping out a satRday, Presenting at a satRday"
"Las Vegas, Nevada",-115.1398296,36.1699412,"08/01/2016 12:09:00","NA (North America)","To anywhere in my country","Attending a satRday, Helping out a satRday, Helping publicise the events, Presenting at a satRday, Organising a satRday"
"pune, India",NA,NA,"08/01/2016 12:13:00","APAC (Asia - Pacific)","To my nearest city","Attending a satRday"
"pune, India",NA,NA,"08/01/2016 12:14:00","APAC (Asia - Pacific)","To my nearest city","Attending a satRday"
"Gloucester, UK",-2.238156,51.8642449,"08/01/2016 12:16:00","EMEA (EU, Middle East & Africa)","To my nearest city","Attending a satRday"
"Norfolk, VA, USA",NA,NA,"08/01/2016 12:17:00","NA (North America)","To my nearest city","Attending a satRday, Helping out a satRday, Helping publicise the events, Presenting at a satRday, Helping with central organisation"
"Salvador, Brazil",NA,NA,"08/01/2016 12:23:00","LATAM (Latin America)","To anywhere in my country","Attending a satRday, Helping out a satRday"
"Cologne, Germany",6.9602786,50.937531,"08/01/2016 12:30:00","EMEA (EU, Middle East & Africa)","To anywhere in my country","Attending a satRday, Helping out a satRday, Helping publicise the events, Presenting at a satRday, Organising a satRday"
"London, UK",-0.1277583,51.5073509,"08/01/2016 12:32:00","EMEA (EU, Middle East & Africa)","To my nearest city","Attending a satRday"
"Bengaluru, India",NA,NA,"08/01/2016 12:34:00","APAC (Asia - Pacific)","To my nearest city","Attending a satRday, Presenting at a satRday, Organising a satRday"
"Delhi, India",NA,NA,"08/01/2016 12:41:00","Other","To my nearest city","Attending a satRday"
"Brussels, Belgium",4.3517103,50.8503396,"08/01/2016 12:42:00","EMEA (EU, Middle East & Africa)","To my nearest city","Attending a satRday, Helping out a satRday, Presenting at a satRday"
"Germany",NA,NA,"08/01/2016 12:52:00","EMEA (EU, Middle East & Africa)","To my nearest city","Attending a satRday"
"Turin, Italy",NA,NA,"08/01/2016 12:59:00","EMEA (EU, Middle East & Africa)","To anywhere in my continent","Attending a satRday"
"Szeged, Hungary",NA,NA,"08/01/2016 13:00:00","Other","To my nearest city","Attending a satRday"
"Charlottetown, Canada",NA,NA,"08/01/2016 13:02:00","NA (North America)","To anywhere in my country","Attending a satRday"
"Washington, D.C.",NA,NA,"08/01/2016 13:05:00","NA (North America)","To my nearest city","Attending a satRday, Helping out a satRday, Helping publicise the events, Helping improve the website"
"Santa Marta, Colombia",NA,NA,"08/01/2016 13:06:00","LATAM (Latin America)","To my nearest city","Attending a satRday, Helping publicise the events"
"Stockholm, Sweden",NA,NA,"08/01/2016 13:08:00","EMEA (EU, Middle East & Africa)","To anywhere in my country","Attending a satRday, Helping out a satRday"
"Vienna, Austria",NA,NA,"08/01/2016 13:12:00","EMEA (EU, Middle East & Africa)","To my nearest city","Attending a satRday, Helping out a satRday, Helping publicise the events, Organising a satRday, Helping with central organisation"
"Philadelphia, USA",NA,NA,"08/01/2016 13:14:00","NA (North America)","To my nearest city","Attending a satRday"
"Philadelphia",NA,NA,"08/01/2016 13:20:00","NA (North America)","To my nearest city","Attending a satRday, Helping out a satRday, Presenting at a satRday, Helping with central organisation"
"St. Petersburg, FL",NA,NA,"08/01/2016 13:22:00","NA (North America)","To my nearest city","Attending a satRday"
"Mumbai, India",NA,NA,"08/01/2016 13:43:00","APAC (Asia - Pacific)","To my nearest city","Attending a satRday"
"Montpellier, France",NA,NA,"08/01/2016 13:49:00","EMEA (EU, Middle East & Africa)","To my nearest city","Attending a satRday, Helping out a satRday, Helping publicise the events, Presenting at a satRday, Organising a satRday"
"Williamsburg, VA, USA",NA,NA,"08/01/2016 13:53:00","NA (North America)","To my nearest city","Attending a satRday, Presenting at a satRday"
"Milan",NA,NA,"08/01/2016 14:09:00","EMEA (EU, Middle East & Africa)","To anywhere in my continent","Attending a satRday, Helping out a satRday"
"Monterrey, Mexico",NA,NA,"08/01/2016 14:09:00","LATAM (Latin America)","To anywhere in my country","Attending a satRday, Helping out a satRday, Helping publicise the events, Presenting at a satRday, Organising a satRday, Helping improve the website, Helping with central organisation"
"Milan, Italy",NA,NA,"08/01/2016 14:11:00","EMEA (EU, Middle East & Africa)","To anywhere in my continent","Attending a satRday, Helping out a satRday, Helping publicise the events"
"Ann Arbor, USA",NA,NA,"08/01/2016 14:14:00","NA (North America)","To my nearest city","Attending a satRday, Helping out a satRday, Helping publicise the events, Organising a satRday"
"Moscow, Russia",NA,NA,"08/01/2016 14:16:00","EMEA (EU, Middle East & Africa)","To anywhere in my continent","Attending a satRday, Presenting at a satRday, Helping with central organisation"
"New York, USA",NA,NA,"08/01/2016 14:17:00","NA (North America)","To my nearest city","Attending a satRday, Helping out a satRday, Helping publicise the events, Presenting at a satRday, Organising a satRday, Helping with central organisation"
"Hannover, Germany",NA,NA,"08/01/2016 14:24:00","EMEA (EU, Middle East & Africa)","To anywhere in my country","Attending a satRday"
"Baltimore, Maryland, USA",NA,NA,"08/01/2016 14:28:00","NA (North America)","To my nearest city","Attending a satRday, Helping out a satRday, Helping publicise the events"
"Gent, Belgium",NA,NA,"08/01/2016 14:29:00","EMEA (EU, Middle East & Africa)","To anywhere in my country","Attending a satRday"
"New York, USA",NA,NA,"08/01/2016 14:36:00","NA (North America)","To my nearest city","Attending a satRday, Helping out a satRday, Helping with central organisation"
"Montreal, Canada",NA,NA,"08/01/2016 14:36:00","NA (North America)","To my nearest city","Attending a satRday"
"São Paulo, Brazil",NA,NA,"08/01/2016 14:43:00","LATAM (Latin America)","To my nearest city","Attending a satRday"
"Bend Oregon, USA",NA,NA,"08/01/2016 14:44:00","NA (North America)","To my nearest city","Attending a satRday, Helping out a satRday, Helping improve the website, Helping with central organisation"
"Honolulu, USA",NA,NA,"08/01/2016 14:45:00","NA (North America)","To my nearest city","Attending a satRday"
"Washington DC",NA,NA,"08/01/2016 14:53:00","NA (North America)",NA,"Attending a satRday, Helping out a satRday, Helping publicise the events, Presenting at a satRday, Organising a satRday, Helping improve the website, Helping with central organisation"
"London",-0.1277583,51.5073509,"08/01/2016 14:56:00","EMEA (EU, Middle East & Africa)","To anywhere in my continent","Attending a satRday, Helping out a satRday"
"Ann Arbor, MI",NA,NA,"08/01/2016 14:57:00","NA (North America)","To my nearest city","Attending a satRday, Helping publicise the events, Presenting at a satRday"
"Cary, NC USA",NA,NA,"08/01/2016 14:57:00","NA (North America)","To my nearest city","Attending a satRday"
"Indianapolis, IN, USA",NA,NA,"08/01/2016 15:05:00","NA (North America)","To my nearest city","Attending a satRday"
"Ashburton, United Kingdom",NA,NA,"08/01/2016 15:12:00","EMEA (EU, Middle East & Africa)","To my nearest city","Attending a satRday, Helping out a satRday"
"Los Angeles, USA",NA,NA,"08/01/2016 15:14:00","NA (North America)","To my nearest city","Attending a satRday, Helping publicise the events, Organising a satRday"
"Durham, NC",NA,NA,"08/01/2016 15:20:00","NA (North America)","To my nearest city","Attending a satRday, Helping out a satRday"
"London, UK",-0.1277583,51.5073509,"08/01/2016 15:25:00","EMEA (EU, Middle East & Africa)","To my nearest city","Attending a satRday, Helping out a satRday, Presenting at a satRday"
"Pondicherry,India",NA,NA,"08/01/2016 15:25:00","APAC (Asia - Pacific)","To my nearest city","Attending a satRday, Helping out a satRday, Helping publicise the events"
"Cookeville, Tennessee",NA,NA,"08/01/2016 15:32:00","NA (North America)","To anywhere in my country","Attending a satRday, Helping publicise the events, Presenting at a satRday, Organising a satRday, Helping improve the website, Helping with central organisation"
"Denver, USA",NA,NA,"08/01/2016 15:33:00","NA (North America)","To my nearest city","Attending a satRday"
"Milwaukee, United States",NA,NA,"08/01/2016 15:54:00","NA (North America)","To anywhere in my country","Attending a satRday, Presenting at a satRday"
"Niskayuna, NY",NA,NA,"08/01/2016 15:57:00","NA (North America)","To my nearest city","Attending a satRday, Helping out a satRday"
"Pittsburgh, USA",-79.9958864,40.4406248,"08/01/2016 15:59:00","NA (North America)","To my nearest city","Attending a satRday, Helping out a satRday"
"Rome, Italy",NA,NA,"08/01/2016 16:03:00","EMEA (EU, Middle East & Africa)","To my nearest city","Attending a satRday, Helping out a satRday"
"Bend, United States of America",NA,NA,"08/01/2016 16:08:00","NA (North America)","To my nearest city","Attending a satRday, Presenting at a satRday"
"Salt Lake City, United States",NA,NA,"08/01/2016 16:14:00","NA (North America)","To my nearest city","Attending a satRday, Helping out a satRday, Presenting at a satRday"
"Logatec, Slovenia",NA,NA,"08/01/2016 16:18:00","EMEA (EU, Middle East & Africa)","To anywhere in my continent","Attending a satRday, Helping out a satRday"
"Dallas,USA",NA,NA,"08/01/2016 16:24:00","NA (North America)","To my nearest city","Attending a satRday, Helping out a satRday, Helping publicise the events, Presenting at a satRday, Organising a satRday"
"Oxford, UK",NA,NA,"08/01/2016 16:24:00","EMEA (EU, Middle East & Africa)","To my nearest city","Attending a satRday, Helping out a satRday, Presenting at a satRday"
"Charlottesville, VA, USA",NA,NA,"08/01/2016 16:30:00","NA (North America)","To my nearest city","Attending a satRday"
"Grand Rapids, US",NA,NA,"08/01/2016 16:32:00","NA (North America)","To anywhere in my country","Attending a satRday, Helping out a satRday"
"Los Angeles, USA",NA,NA,"08/01/2016 16:33:00","NA (North America)","To my nearest city","Attending a satRday"
"London,UK",NA,NA,"08/01/2016 16:34:00","EMEA (EU, Middle East & Africa)","To my nearest city","Attending a satRday"
"Atlanta, GA, USA",-84.3879824,33.7489954,"08/01/2016 16:34:00","NA (North America)","To my nearest city","Attending a satRday"
"Ann Arbor, USA",NA,NA,"08/01/2016 16:36:00","NA (North America)","To my nearest city","Attending a satRday, Helping out a satRday, Presenting at a satRday, Organising a satRday, Sponsoring an event"
"Madison, WI",NA,NA,"08/01/2016 16:42:00","NA (North America)","To my nearest city","Attending a satRday"
"Brasília",NA,NA,"08/01/2016 16:48:00","LATAM (Latin America)","To anywhere in my country","Helping out a satRday, Presenting at a satRday, Organising a satRday, Helping with central organisation"
"Toronto, Canada",NA,NA,"08/01/2016 16:49:00","NA (North America)","To my nearest city","Attending a satRday, Helping out a satRday, Helping publicise the events, Presenting at a satRday, Organising a satRday, Helping improve the website, Helping with central organisation, I may help find sponsors, but I am just a consultant"
"Chicago, USA",-87.6297982,41.8781136,"08/01/2016 16:51:00","NA (North America)","To anywhere in the the world","Attending a satRday, Presenting at a satRday"
"New York City, USA",NA,NA,"08/01/2016 16:53:00","NA (North America)","To my nearest city","Attending a satRday"
"Riyadh",NA,NA,"08/01/2016 16:53:00","EMEA (EU, Middle East & Africa)","To my nearest city","Attending a satRday, Helping publicise the events, Helping improve the website"
"Denver, US",NA,NA,"08/01/2016 16:54:00","NA (North America)","To my nearest city","Attending a satRday, Helping out a satRday, Organising a satRday"
"London, UK",-0.1277583,51.5073509,"08/01/2016 17:02:00","EMEA (EU, Middle East & Africa)","To my nearest city","Attending a satRday"
"Chicago, IL",-87.6297982,41.8781136,"08/01/2016 17:11:00","NA (North America)","To my nearest city","Attending a satRday, Helping out a satRday, Presenting at a satRday, Helping with central organisation"
"Decatur, IL",NA,NA,"08/01/2016 17:14:00","NA (North America)","To my nearest city","Attending a satRday, Helping out a satRday"
"Spain",NA,NA,"08/01/2016 17:14:00","EMEA (EU, Middle East & Africa)","To my nearest city","Attending a satRday, Presenting at a satRday"
"Vienna, Austria",NA,NA,"08/01/2016 17:24:00","EMEA (EU, Middle East & Africa)","To my nearest city","Attending a satRday, Helping out a satRday, Organising a satRday"
"Modesto USA",NA,NA,"08/01/2016 17:30:00","NA (North America)","To my nearest city","Attending a satRday, Helping out a satRday, Organising a satRday"
"Reno, United States",NA,NA,"08/01/2016 17:31:00","NA (North America)","To my nearest city","Attending a satRday, Helping out a satRday, Organising a satRday, Helping with central organisation"
"Berkeley, USA",NA,NA,"08/01/2016 17:34:00","NA (North America)","To my nearest city","Attending a satRday, Helping out a satRday"
"Waco, TX, USA (available to travel to Austin, TX or Dallas, TX)",NA,NA,"08/01/2016 17:36:00","NA (North America)","To anywhere in the the world","Attending a satRday, Helping out a satRday, Presenting at a satRday, Organising a satRday"
"Konstanz, germany",NA,NA,"08/01/2016 17:43:00","EMEA (EU, Middle East & Africa)","To my nearest city","Attending a satRday, Helping out a satRday, Presenting at a satRday"
"Athens, GA, USA",NA,NA,"08/01/2016 17:45:00","NA (North America)","To my nearest city","Attending a satRday, Helping out a satRday, Presenting at a satRday"
"Houston, USA",NA,NA,"08/01/2016 17:46:00","NA (North America)","To my nearest city","Attending a satRday, Helping out a satRday, Helping publicise the events"
"Oshkosh, United States",NA,NA,"08/01/2016 17:47:00","NA (North America)","To my nearest city","Attending a satRday"
"London, UK",-0.1277583,51.5073509,"08/01/2016 17:49:00","EMEA (EU, Middle East & Africa)","To my nearest city","Attending a satRday"
"Davis, CA",NA,NA,"08/01/2016 17:51:00","NA (North America)","To my nearest city","Attending a satRday, Helping out a satRday, Presenting at a satRday"
"Atlanta, USA",NA,NA,"08/01/2016 17:52:00","NA (North America)","To my nearest city","Attending a satRday, Helping out a satRday, Helping publicise the events, Presenting at a satRday"
"North Bay, Canada",NA,NA,"08/01/2016 18:03:00","NA (North America)","To my nearest city","Attending a satRday, Helping out a satRday, Helping publicise the events, Presenting at a satRday, Helping with central organisation"
"Montpellier, France",NA,NA,"08/01/2016 18:23:00","EMEA (EU, Middle East & Africa)","To anywhere in my country","Attending a satRday, Helping out a satRday, Helping publicise the events, Presenting at a satRday"
"Calgary, Canada",NA,NA,"08/01/2016 18:26:00","NA (North America)","To my nearest city","Attending a satRday, Helping out a satRday, Helping publicise the events, Presenting at a satRday"
"Auburn, KS",NA,NA,"08/01/2016 18:48:00","NA (North America)","To anywhere in my country","Attending a satRday"
"Madison, USA",NA,NA,"08/01/2016 18:51:00","NA (North America)","To my nearest city","Attending a satRday, Helping out a satRday, Helping publicise the events, Presenting at a satRday, Organising a satRday"
"istanbul, turkey",NA,NA,"08/01/2016 19:06:00","EMEA (EU, Middle East & Africa)","To anywhere in my continent","Attending a satRday, Helping improve the website"
"Seattle, USA",-122.3320708,47.6062095,"08/01/2016 19:07:00","NA (North America)","To my nearest city","Attending a satRday, Helping out a satRday"
"San Juan, Puerto Rico",NA,NA,"08/01/2016 19:19:00","LATAM (Latin America)","To anywhere in my continent","Attending a satRday, Helping out a satRday, Organising a satRday, Helping with central organisation"
"Brussels, Belgium",4.3517103,50.8503396,"08/01/2016 19:22:00","EMEA (EU, Middle East & Africa)","To my nearest city","Attending a satRday"
"Nashville, Tennessee",NA,NA,"08/01/2016 19:26:00","NA (North America)","To my nearest city","Attending a satRday, Helping out a satRday"
"New York, USA",NA,NA,"08/01/2016 19:26:00","NA (North America)","To my nearest city","Attending a satRday"
"Indianapolis, IN USA",NA,NA,"08/01/2016 19:29:00","NA (North America)","To my nearest city","Attending a satRday, Helping out a satRday, Helping publicise the events, Organising a satRday, Helping with central organisation"
"Tampa Florida, USA",NA,NA,"08/01/2016 19:32:00","NA (North America)","To my nearest city","Attending a satRday"
"Seattle, USA",-122.3320708,47.6062095,"08/01/2016 19:43:00","NA (North America)","To my nearest city","Attending a satRday, Helping out a satRday, Presenting at a satRday"
"Albany, NY, USA",NA,NA,"08/01/2016 20:02:00","NA (North America)","To my nearest city","Attending a satRday"
"Lisbon, Portugal",NA,NA,"08/01/2016 20:16:00","EMEA (EU, Middle East & Africa)","To my nearest city","Attending a satRday, Presenting at a satRday"
"London",-0.1277583,51.5073509,"08/01/2016 20:16:00","EMEA (EU, Middle East & Africa)","To anywhere in my country","Attending a satRday, Helping out a satRday, Presenting at a satRday, Organising a satRday"
"Boston, USA",NA,NA,"08/01/2016 20:20:00","NA (North America)","To my nearest city","Attending a satRday"
"London, uk",-0.1277583,51.5073509,"08/01/2016 20:23:00","EMEA (EU, Middle East & Africa)","To anywhere in my country","Attending a satRday"
"Los Angeles, CA",NA,NA,"08/01/2016 20:25:00","NA (North America)","To my nearest city","Attending a satRday, Helping out a satRday, Presenting at a satRday, Organising a satRday, Helping improve the website, Helping with central organisation, Sponsoring an event"
"Ottawa, Canada",NA,NA,"08/01/2016 20:27:00","NA (North America)","To my nearest city","Attending a satRday, Presenting at a satRday"
"Denver, USA",NA,NA,"08/01/2016 20:35:00","NA (North America)","To my nearest city","Attending a satRday"
"Mumbai, Maharashtra",NA,NA,"08/01/2016 20:38:00","APAC (Asia - Pacific)","To my nearest city","Attending a satRday, Helping out a satRday, Helping publicise the events, Presenting at a satRday, Organising a satRday"
"Cambridge, USA",NA,NA,"08/01/2016 20:40:00","NA (North America)","To my nearest city","Attending a satRday"
"St. Petersburg, United States",NA,NA,"08/01/2016 20:40:00","NA (North America)","To my nearest city","Attending a satRday"
"Princeton, US",NA,NA,"08/01/2016 20:50:00","NA (North America)","To my nearest city","Attending a satRday, Helping out a satRday"
"Tübingen, Germany",NA,NA,"08/01/2016 21:17:00","EMEA (EU, Middle East & Africa)","To anywhere in my country","Attending a satRday, Helping publicise the events"
"Chicago",NA,NA,"08/01/2016 21:48:00","NA (North America)","To my nearest city","Attending a satRday, Helping out a satRday, Presenting at a satRday, Helping improve the website"
"London",-0.1277583,51.5073509,"08/01/2016 22:03:00","EMEA (EU, Middle East & Africa)","To anywhere in my country","Presenting at a satRday, Sponsoring an event"
"State College, Pennsylvania, United States Of America",NA,NA,"08/01/2016 22:20:00","NA (North America)","To my nearest city","Attending a satRday"
"Atanta, USA",NA,NA,"08/01/2016 22:58:00","NA (North America)","To my nearest city","Attending a satRday"
"Washington DC, USA",NA,NA,"08/01/2016 23:07:00","NA (North America)","To my nearest city","Attending a satRday, Helping out a satRday, Helping publicise the events"
"Birmingham, UK",NA,NA,"08/01/2016 23:19:00","EMEA (EU, Middle East & Africa)","To my nearest city","Attending a satRday"
"Huntington Beach",NA,NA,"08/01/2016 23:27:00","NA (North America)","To my nearest city","Attending a satRday, Presenting at a satRday"
"Austin, TX",NA,NA,"08/01/2016 23:44:00","NA (North America)","To my nearest city","Attending a satRday, Helping out a satRday, Helping publicise the events"
"London, UK",-0.1277583,51.5073509,"08/01/2016 23:52:00","EMEA (EU, Middle East & Africa)","To my nearest city","Attending a satRday, Helping improve the website, Helping with central organisation, Sponsoring an event"
"San Mateo, USA",NA,NA,"08/01/2016 23:53:00","NA (North America)","To my nearest city","Attending a satRday"
"Sydney, Australia",151.2069902,-33.8674869,"08/01/2016 23:57:00","APAC (Asia - Pacific)","To anywhere in my country","Attending a satRday"
"London, United Kingdom",-0.1277583,51.5073509,"09/01/2016 00:08:00","EMEA (EU, Middle East & Africa)","To my nearest city","Attending a satRday, Helping out a satRday, Organising a satRday, Helping with central organisation"
"Houston, USA",NA,NA,"09/01/2016 00:15:00","NA (North America)","To my nearest city","Attending a satRday"
"New York, USA",NA,NA,"09/01/2016 00:15:00","NA (North America)","To my nearest city","Attending a satRday, Helping out a satRday, Helping publicise the events, Organising a satRday"
"Troy, usa",NA,NA,"09/01/2016 00:33:00","NA (North America)","To anywhere in my country","Attending a satRday"
"Provo, Utah",NA,NA,"09/01/2016 01:53:00","NA (North America)","To my nearest city","Attending a satRday"
"Louisville, USA",-85.7584557,38.2526647,"09/01/2016 02:01:00","NA (North America)","To my nearest city","Attending a satRday, Helping out a satRday, Presenting at a satRday"
"Farnham, Surrey",NA,NA,"09/01/2016 02:06:00","EMEA (EU, Middle East & Africa)","To my nearest city","Attending a satRday, Helping out a satRday, Presenting at a satRday"
"South Kingstown, RI, USA",NA,NA,"09/01/2016 02:51:00","NA (North America)","To my nearest city","Helping publicise the events, Organising a satRday, Helping improve the website, Helping with central organisation"
"PrincetonNJ, USA",NA,NA,"09/01/2016 02:52:00","NA (North America)","To my nearest city","Helping out a satRday, Presenting at a satRday"
"Atlanta, USA",NA,NA,"09/01/2016 02:53:00","NA (North America)","To my nearest city","Attending a satRday"
"Vancouver, Canada",-123.1207375,49.2827291,"09/01/2016 02:56:00","NA (North America)","To my nearest city","Attending a satRday, Helping out a satRday, Helping publicise the events, Organising a satRday, Helping with central organisation"
"Novato, CA",NA,NA,"09/01/2016 03:01:00","NA (North America)","To my nearest city","Attending a satRday"
"Vancouver, Canada",-123.1207375,49.2827291,"09/01/2016 03:17:00","NA (North America)","To my nearest city","Attending a satRday"
"New York, NY USA",NA,NA,"09/01/2016 04:04:00","NA (North America)","To my nearest city","Attending a satRday, Helping out a satRday, Helping publicise the events"
"san jose, USA",NA,NA,"09/01/2016 04:06:00","NA (North America)","To my nearest city","Attending a satRday"
"singapore",NA,NA,"09/01/2016 04:56:00","APAC (Asia - Pacific)","To my nearest city","Attending a satRday, Helping out a satRday"
"Kota Kinabalu, Sabah, Malaysia",NA,NA,"09/01/2016 05:13:00","APAC (Asia - Pacific)","To anywhere in my country","Attending a satRday, Helping out a satRday, Helping publicise the events"
"Providence, RI",NA,NA,"09/01/2016 05:23:00","NA (North America)","To my nearest city","Attending a satRday, Helping out a satRday, Helping publicise the events, Presenting at a satRday, Helping with central organisation"
"New York, NY",NA,NA,"09/01/2016 05:24:00","NA (North America)","To my nearest city","Attending a satRday"
"Spokane, WA",NA,NA,"09/01/2016 05:53:00","NA (North America)","To my nearest city","Attending a satRday, Helping out a satRday, Presenting at a satRday"
"Bridgeton, NJ, USA",NA,NA,"09/01/2016 07:32:00","NA (North America)","To my nearest city","Attending a satRday, Helping out a satRday, Presenting at a satRday"
"Athens,Greece",NA,NA,"09/01/2016 07:38:00","EMEA (EU, Middle East & Africa)","To my nearest city","Attending a satRday, Helping out a satRday, Helping publicise the events, Presenting at a satRday"
"Munich, Germany",11.5819806,48.1351253,"09/01/2016 07:38:00","EMEA (EU, Middle East & Africa)","To anywhere in my continent","Attending a satRday, Organising a satRday, Helping with central organisation"
"London, UK",-0.1277583,51.5073509,"09/01/2016 07:46:00","EMEA (EU, Middle East & Africa)","To my nearest city","Attending a satRday"
"Richmond, Canada",NA,NA,"09/01/2016 07:46:00","NA (North America)","To my nearest city","Attending a satRday"
"Barcelona, Spain",NA,NA,"09/01/2016 08:49:00","EMEA (EU, Middle East & Africa)","To my nearest city","Attending a satRday, Helping out a satRday, Helping publicise the events, Presenting at a satRday, I never organized an event but I am frequently im touch with RugB (R user group Barcelona) organizers and they might be interested in organizing one satRdays event"
"St. Petersburg, Russia",NA,NA,"09/01/2016 09:22:00","EMEA (EU, Middle East & Africa)","To anywhere in my continent","Attending a satRday, Helping out a satRday, Presenting at a satRday, Organising a satRday, Helping with central organisation"
"Oberageri,Switzerland",NA,NA,"09/01/2016 09:49:00","EMEA (EU, Middle East & Africa)","To anywhere in my country","Attending a satRday, Helping out a satRday, Helping publicise the events, Presenting at a satRday"
"Los Angeles, USA",NA,NA,"09/01/2016 10:14:00","NA (North America)","To my nearest city","Attending a satRday, Helping out a satRday, Helping publicise the events, Helping improve the website"
"Malaysia",NA,NA,"09/01/2016 10:22:00","APAC (Asia - Pacific)","To anywhere in the the world","Attending a satRday, Helping out a satRday, Presenting at a satRday, Helping improve the website, Helping with central organisation, Sponsoring an event"
"Lancaster, UK",-2.8007399,54.046575,"09/01/2016 11:33:00","EMEA (EU, Middle East & Africa)","To my nearest city","Attending a satRday, Helping out a satRday, Helping publicise the events, Presenting at a satRday"
"Warsaw, Poland",NA,NA,"09/01/2016 11:39:00","EMEA (EU, Middle East & Africa)","To anywhere in my country","Attending a satRday, Helping out a satRday, Helping publicise the events, Presenting at a satRday, Organising a satRday, Helping improve the website, Helping with central organisation"
"Saco, ME USA",NA,NA,"09/01/2016 11:44:00","NA (North America)","To my nearest city","Attending a satRday, Helping out a satRday, Organising a satRday"
"Indianapolis, United States",NA,NA,"09/01/2016 12:34:00","NA (North America)","To my nearest city","Attending a satRday, Helping publicise the events, Presenting at a satRday, Helping improve the website"
"Paris, France",NA,NA,"09/01/2016 12:34:00","EMEA (EU, Middle East & Africa)","To anywhere in my country","Attending a satRday, Helping out a satRday, Presenting at a satRday"
"Halifax, Canada",NA,NA,"09/01/2016 13:02:00","NA (North America)","To my nearest city","Attending a satRday, Helping out a satRday, Helping publicise the events, Presenting at a satRday, Organising a satRday"
